waste_id,waste_date,organization_id,product_id,batch_id,location_id,quantity_wasted,unit,waste_reason,unit_cost
71afd199-9307-40ed-ac09-4e0a3e09d9d6,2026-08-25,de2aa412-e109-4bcf-b6e9-9d9ad0b05e22,86c9d449-3f66-41d2-bfdb-d40385eca579,96b28d33-5a6e-489e-b9fa-fa38dfac0ba0,f88afad5-3d69-4d7f-8a1b-095720bc60a3,103.59,L,SPOILED,42.0
a88d302f-9c8c-434c-a7d1-98579d48bb5f,2026-08-27,de2aa412-e109-4bcf-b6e9-9d9ad0b05e22,86c9d449-3f66-41d2-bfdb-d40385eca579,96b28d33-5a6e-489e-b9fa-fa38dfac0ba0,f88afad5-3d69-4d7f-8a1b-095720bc60a3,171.73,L,EXPIRED,42.0
091d5be9-d100-4c95-913f-f66f8d2ee238,2026-08-28,de2aa412-e109-4bcf-b6e9-9d9ad0b05e22,86c9d449-3f66-41d2-bfdb-d40385eca579,96b28d33-5a6e-489e-b9fa-fa38dfac0ba0,f88afad5-3d69-4d7f-8a1b-095720bc60a3,755.14,L,EXPIRED,42.0
99f31079-cb92-4d33-bb8f-81bce94f7114,2026-08-29,de2aa412-e109-4bcf-b6e9-9d9ad0b05e22,86c9d449-3f66-41d2-bfdb-d40385eca579,96b28d33-5a6e-489e-b9fa-fa38dfac0ba0,f88afad5-3d69-4d7f-8a1b-095720bc60a3,472.68,L,EXPIRED,42.0
db3d2c1a-6a5b-49b6-8fa8-4ed4b22bea77,2026-08-30,de2aa412-e109-4bcf-b6e9-9d9ad0b05e22,86c9d449-3f66-41d2-bfdb-d40385eca579,96b28d33-5a6e-489e-b9fa-fa38dfac0ba0,f88afad5-3d69-4d7f-8a1b-095720bc60a3,195.32,L,EXPIRED,42.0
42a61bf3-6c36-46f8-872e-649771bdd0c5,2026-08-31,de2aa412-e109-4bcf-b6e9-9d9ad0b05e22,86c9d449-3f66-41d2-bfdb-d40385eca579,96b28d33-5a6e-489e-b9fa-fa38dfac0ba0,f88afad5-3d69-4d7f-8a1b-095720bc60a3,650.49,L,EXPIRED,42.0
bb930a42-9d3d-4d48-aa31-d60dfd235ad4,2026-09-01,de2aa412-e109-4bcf-b6e9-9d9ad0b05e22,86c9d449-3f66-41d2-bfdb-d40385eca579,96b28d33-5a6e-489e-b9fa-fa38dfac0ba0,f88afad5-3d69-4d7f-8a1b-095720bc60a3,750.11,L,EXPIRED,42.0
90f4f3ff-d08d-4e2c-90e8-98edec4fab9f,2026-09-02,de2aa412-e109-4bcf-b6e9-9d9ad0b05e22,86c9d449-3f66-41d2-bfdb-d40385eca579,96b28d33-5a6e-489e-b9fa-fa38dfac0ba0,f88afad5-3d69-4d7f-8a1b-095720bc60a3,500.48,L,EXPIRED,42.0
72f7d181-40be-4f18-9936-3db23183d0af,2026-09-03,de2aa412-e109-4bcf-b6e9-9d9ad0b05e22,86c9d449-3f66-41d2-bfdb-d40385eca579,96b28d33-5a6e-489e-b9fa-fa38dfac0ba0,f88afad5-3d69-4d7f-8a1b-095720bc60a3,150.39,L,EXPIRED,42.0
4bd98e16-4308-47e3-9636-b193c86cf35a,2026-09-04,de2aa412-e109-4bcf-b6e9-9d9ad0b05e22,86c9d449-3f66-41d2-bfdb-d40385eca579,96b28d33-5a6e-489e-b9fa-fa38dfac0ba0,f88afad5-3d69-4d7f-8a1b-095720bc60a3,529.11,L,EXPIRED,42.0
a79be7b0-c1b5-4339-b2e1-0043ca12bf65,2026-09-05,de2aa412-e109-4bcf-b6e9-9d9ad0b05e22,86c9d449-3f66-41d2-bfdb-d40385eca579,96b28d33-5a6e-489e-b9fa-fa38dfac0ba0,f88afad5-3d69-4d7f-8a1b-095720bc60a3,359.5,L,EXPIRED,42.0
8b910080-386b-49c8-8ebf-2bcf4f2d7de5,2026-09-06,de2aa412-e109-4bcf-b6e9-9d9ad0b05e22,86c9d449-3f66-41d2-bfdb-d40385eca579,96b28d33-5a6e-489e-b9fa-fa38dfac0ba0,f88afad5-3d69-4d7f-8a1b-095720bc60a3,735.71,L,EXPIRED,42.0
7f95556c-d707-47b5-bee2-387b7a1a6cfa,2026-09-07,de2aa412-e109-4bcf-b6e9-9d9ad0b05e22,86c9d449-3f66-41d2-bfdb-d40385eca579,96b28d33-5a6e-489e-b9fa-fa38dfac0ba0,f88afad5-3d69-4d7f-8a1b-095720bc60a3,417.94,L,EXPIRED,42.0
d4620b86-0249-4c37-9df9-ffe047b22542,2026-08-05,de2aa412-e109-4bcf-b6e9-9d9ad0b05e22,89414700-a29c-442e-84b4-bd0e350e2a09,cb9f5c0b-1572-402e-8cb6-1261674358e6,19375bde-4d5a-47e5-bc1f-92c3473be236,37.65,kg,SPOILED,35.0
b7866dea-808f-43e3-8dd7-c614acfe7baf,2026-08-07,de2aa412-e109-4bcf-b6e9-9d9ad0b05e22,89414700-a29c-442e-84b4-bd0e350e2a09,cb9f5c0b-1572-402e-8cb6-1261674358e6,19375bde-4d5a-47e5-bc1f-92c3473be236,60.74,kg,SPOILED,35.0
a419cb5f-2264-4630-987f-69a81e275b64,2026-08-08,de2aa412-e109-4bcf-b6e9-9d9ad0b05e22,89414700-a29c-442e-84b4-bd0e350e2a09,cb9f5c0b-1572-402e-8cb6-1261674358e6,19375bde-4d5a-47e5-bc1f-92c3473be236,183.72,kg,EXPIRED,35.0
ddf86f7c-f094-441f-a62b-35f99eac3e99,2026-08-09,de2aa412-e109-4bcf-b6e9-9d9ad0b05e22,89414700-a29c-442e-84b4-bd0e350e2a09,cb9f5c0b-1572-402e-8cb6-1261674358e6,19375bde-4d5a-47e5-bc1f-92c3473be236,144.95,kg,EXPIRED,35.0
bb415c92-86bc-4b51-aefc-1f2706ed64c3,2026-08-10,de2aa412-e109-4bcf-b6e9-9d9ad0b05e22,89414700-a29c-442e-84b4-bd0e350e2a09,cb9f5c0b-1572-402e-8cb6-1261674358e6,19375bde-4d5a-47e5-bc1f-92c3473be236,428.91,kg,EXPIRED,35.0
7c0579f3-0b97-4bc5-bea8-07e39aae7b86,2026-08-11,de2aa412-e109-4bcf-b6e9-9d9ad0b05e22,89414700-a29c-442e-84b4-bd0e350e2a09,cb9f5c0b-1572-402e-8cb6-1261674358e6,19375bde-4d5a-47e5-bc1f-92c3473be236,374.78,kg,EXPIRED,35.0
eee9cf77-a937-4775-920a-50ac5f7a5fa5,2026-08-12,de2aa412-e109-4bcf-b6e9-9d9ad0b05e22,89414700-a29c-442e-84b4-bd0e350e2a09,cb9f5c0b-1572-402e-8cb6-1261674358e6,19375bde-4d5a-47e5-bc1f-92c3473be236,367.34,kg,EXPIRED,35.0
a0542535-792b-4a8c-8925-c82a09d1185f,2026-08-13,de2aa412-e109-4bcf-b6e9-9d9ad0b05e22,89414700-a29c-442e-84b4-bd0e350e2a09,cb9f5c0b-1572-402e-8cb6-1261674358e6,19375bde-4d5a-47e5-bc1f-92c3473be236,306.33,kg,EXPIRED,35.0
6ec35ba7-c6bc-417b-8eb6-978193cc361f,2026-08-14,de2aa412-e109-4bcf-b6e9-9d9ad0b05e22,89414700-a29c-442e-84b4-bd0e350e2a09,cb9f5c0b-1572-402e-8cb6-1261674358e6,19375bde-4d5a-47e5-bc1f-92c3473be236,265.28,kg,EXPIRED,35.0
485229a9-c3d6-4abc-a02d-9de150dfaf8c,2026-08-15,de2aa412-e109-4bcf-b6e9-9d9ad0b05e22,89414700-a29c-442e-84b4-bd0e350e2a09,cb9f5c0b-1572-402e-8cb6-1261674358e6,19375bde-4d5a-47e5-bc1f-92c3473be236,239.49,kg,EXPIRED,35.0
5bcc9a00-dc6c-4ed0-b79f-3b29b1fd603a,2026-08-16,de2aa412-e109-4bcf-b6e9-9d9ad0b05e22,89414700-a29c-442e-84b4-bd0e350e2a09,cb9f5c0b-1572-402e-8cb6-1261674358e6,19375bde-4d5a-47e5-bc1f-92c3473be236,390.55,kg,EXPIRED,35.0
cba3d26e-4c1a-4111-b5d4-8fa01e27b16d,2026-08-17,de2aa412-e109-4bcf-b6e9-9d9ad0b05e22,89414700-a29c-442e-84b4-bd0e350e2a09,cb9f5c0b-1572-402e-8cb6-1261674358e6,19375bde-4d5a-47e5-bc1f-92c3473be236,242.88,kg,EXPIRED,35.0
761d365f-1ae0-4801-9f7d-70ca9cb8f7e2,2026-08-18,de2aa412-e109-4bcf-b6e9-9d9ad0b05e22,89414700-a29c-442e-84b4-bd0e350e2a09,cb9f5c0b-1572-402e-8cb6-1261674358e6,19375bde-4d5a-47e5-bc1f-92c3473be236,330.19,kg,EXPIRED,35.0
e7b52cc9-bb39-4f61-95aa-dee30a2fe592,2026-08-19,de2aa412-e109-4bcf-b6e9-9d9ad0b05e22,89414700-a29c-442e-84b4-bd0e350e2a09,cb9f5c0b-1572-402e-8cb6-1261674358e6,19375bde-4d5a-47e5-bc1f-92c3473be236,242.7,kg,EXPIRED,35.0
c5e3ef70-b15a-4f72-8482-b814a4e71ff8,2026-08-20,de2aa412-e109-4bcf-b6e9-9d9ad0b05e22,89414700-a29c-442e-84b4-bd0e350e2a09,cb9f5c0b-1572-402e-8cb6-1261674358e6,19375bde-4d5a-47e5-bc1f-92c3473be236,323.91,kg,EXPIRED,35.0
f01bc98b-def8-4817-a0d1-579d3e97b35f,2026-08-21,de2aa412-e109-4bcf-b6e9-9d9ad0b05e22,89414700-a29c-442e-84b4-bd0e350e2a09,cb9f5c0b-1572-402e-8cb6-1261674358e6,19375bde-4d5a-47e5-bc1f-92c3473be236,292.08,kg,EXPIRED,35.0
30a03fd7-def5-4e1f-b333-14a648f1342b,2026-08-22,de2aa412-e109-4bcf-b6e9-9d9ad0b05e22,89414700-a29c-442e-84b4-bd0e350e2a09,cb9f5c0b-1572-402e-8cb6-1261674358e6,19375bde-4d5a-47e5-bc1f-92c3473be236,242.92,kg,EXPIRED,35.0
f5bb9fca-8ede-431f-bee8-9021cba1f06c,2026-08-23,de2aa412-e109-4bcf-b6e9-9d9ad0b05e22,89414700-a29c-442e-84b4-bd0e350e2a09,cb9f5c0b-1572-402e-8cb6-1261674358e6,19375bde-4d5a-47e5-bc1f-92c3473be236,243.98,kg,EXPIRED,35.0
5dbc5193-672b-41be-aa9f-7a59d193386f,2026-08-24,de2aa412-e109-4bcf-b6e9-9d9ad0b05e22,89414700-a29c-442e-84b4-bd0e350e2a09,cb9f5c0b-1572-402e-8cb6-1261674358e6,19375bde-4d5a-47e5-bc1f-92c3473be236,180.59,kg,EXPIRED,35.0
d0919ae8-b1ee-407a-ad5a-fb74cef9ca6e,2026-08-25,de2aa412-e109-4bcf-b6e9-9d9ad0b05e22,89414700-a29c-442e-84b4-bd0e350e2a09,cb9f5c0b-1572-402e-8cb6-1261674358e6,19375bde-4d5a-47e5-bc1f-92c3473be236,174.08,kg,EXPIRED,35.0
407a2834-951c-4244-8b5d-e6511a14782f,2026-08-26,de2aa412-e109-4bcf-b6e9-9d9ad0b05e22,89414700-a29c-442e-84b4-bd0e350e2a09,cb9f5c0b-1572-402e-8cb6-1261674358e6,19375bde-4d5a-47e5-bc1f-92c3473be236,198.55,kg,EXPIRED,35.0
01e9fb71-e1f8-4a56-84f9-17be32142a7b,2026-08-27,de2aa412-e109-4bcf-b6e9-9d9ad0b05e22,89414700-a29c-442e-84b4-bd0e350e2a09,cb9f5c0b-1572-402e-8cb6-1261674358e6,19375bde-4d5a-47e5-bc1f-92c3473be236,412.15,kg,EXPIRED,35.0
17ea4fc1-5bce-4835-a731-487fbbac1b09,2026-08-28,de2aa412-e109-4bcf-b6e9-9d9ad0b05e22,89414700-a29c-442e-84b4-bd0e350e2a09,cb9f5c0b-1572-402e-8cb6-1261674358e6,19375bde-4d5a-47e5-bc1f-92c3473be236,89.44,kg,EXPIRED,35.0
0d49e27a-35ef-483b-8270-adfdc627a576,2026-08-29,de2aa412-e109-4bcf-b6e9-9d9ad0b05e22,89414700-a29c-442e-84b4-bd0e350e2a09,cb9f5c0b-1572-402e-8cb6-1261674358e6,19375bde-4d5a-47e5-bc1f-92c3473be236,212.78,kg,EXPIRED,35.0
37b3a63e-32b9-4853-933f-26338c4ef22a,2026-08-30,de2aa412-e109-4bcf-b6e9-9d9ad0b05e22,89414700-a29c-442e-84b4-bd0e350e2a09,cb9f5c0b-1572-402e-8cb6-1261674358e6,19375bde-4d5a-47e5-bc1f-92c3473be236,294.16,kg,EXPIRED,35.0
fd767a28-05dc-4963-800d-e1e82ca8fb0a,2026-08-31,de2aa412-e109-4bcf-b6e9-9d9ad0b05e22,89414700-a29c-442e-84b4-bd0e350e2a09,cb9f5c0b-1572-402e-8cb6-1261674358e6,19375bde-4d5a-47e5-bc1f-92c3473be236,352.05,kg,EXPIRED,35.0
ff0c6f31-3dfe-4d2f-929d-788d51d246a5,2026-09-01,de2aa412-e109-4bcf-b6e9-9d9ad0b05e22,89414700-a29c-442e-84b4-bd0e350e2a09,cb9f5c0b-1572-402e-8cb6-1261674358e6,19375bde-4d5a-47e5-bc1f-92c3473be236,229.89,kg,EXPIRED,35.0
80a41e30-40b6-49dc-9e90-a6b24d64971d,2026-09-02,de2aa412-e109-4bcf-b6e9-9d9ad0b05e22,89414700-a29c-442e-84b4-bd0e350e2a09,cb9f5c0b-1572-402e-8cb6-1261674358e6,19375bde-4d5a-47e5-bc1f-92c3473be236,225.56,kg,EXPIRED,35.0
39b97542-8055-4eac-a685-81622d79a743,2026-09-03,de2aa412-e109-4bcf-b6e9-9d9ad0b05e22,89414700-a29c-442e-84b4-bd0e350e2a09,cb9f5c0b-1572-402e-8cb6-1261674358e6,19375bde-4d5a-47e5-bc1f-92c3473be236,149.27,kg,EXPIRED,35.0
3f34052f-40a0-4dcf-a345-060e5500909d,2026-09-04,de2aa412-e109-4bcf-b6e9-9d9ad0b05e22,89414700-a29c-442e-84b4-bd0e350e2a09,cb9f5c0b-1572-402e-8cb6-1261674358e6,19375bde-4d5a-47e5-bc1f-92c3473be236,266.55,kg,EXPIRED,35.0
7cf5b7d9-d41f-41de-8cb0-d673e799ce25,2026-09-05,de2aa412-e109-4bcf-b6e9-9d9ad0b05e22,89414700-a29c-442e-84b4-bd0e350e2a09,cb9f5c0b-1572-402e-8cb6-1261674358e6,19375bde-4d5a-47e5-bc1f-92c3473be236,241.25,kg,EXPIRED,35.0
f5db0d7f-5484-484c-a0b7-60778d14f40d,2026-09-06,de2aa412-e109-4bcf-b6e9-9d9ad0b05e22,89414700-a29c-442e-84b4-bd0e350e2a09,cb9f5c0b-1572-402e-8cb6-1261674358e6,19375bde-4d5a-47e5-bc1f-92c3473be236,105.5,kg,EXPIRED,35.0
d7c236fa-82d4-4214-952d-5162ffaeb19a,2026-09-07,de2aa412-e109-4bcf-b6e9-9d9ad0b05e22,89414700-a29c-442e-84b4-bd0e350e2a09,cb9f5c0b-1572-402e-8cb6-1261674358e6,19375bde-4d5a-47e5-bc1f-92c3473be236,241.58,kg,EXPIRED,35.0
5e13714a-7e95-4edc-9d8b-5d6d49046cc1,2026-08-26,b20d8f39-c2e2-4853-a202-6f43e0041828,86c9d449-3f66-41d2-bfdb-d40385eca579,4a7fc09a-aada-4907-ab4e-482c3a6a066a,fb0ad8e0-e5e4-48b7-8eea-9e2a90d87475,17.09,L,SPOILED,42.0
f92651e2-8e2c-4ac3-b0b6-fc41448cbbc8,2026-08-27,b20d8f39-c2e2-4853-a202-6f43e0041828,86c9d449-3f66-41d2-bfdb-d40385eca579,4a7fc09a-aada-4907-ab4e-482c3a6a066a,fb0ad8e0-e5e4-48b7-8eea-9e2a90d87475,49.58,L,EXPIRED,42.0
e2a4f3b8-9f3c-4e6c-ba83-053588f1a6b2,2026-08-28,b20d8f39-c2e2-4853-a202-6f43e0041828,86c9d449-3f66-41d2-bfdb-d40385eca579,4a7fc09a-aada-4907-ab4e-482c3a6a066a,fb0ad8e0-e5e4-48b7-8eea-9e2a90d87475,67.57,L,EXPIRED,42.0
1fa4ff85-9d2b-4c19-9eb1-3eaa6e2ad4fb,2026-08-29,b20d8f39-c2e2-4853-a202-6f43e0041828,86c9d449-3f66-41d2-bfdb-d40385eca579,4a7fc09a-aada-4907-ab4e-482c3a6a066a,fb0ad8e0-e5e4-48b7-8eea-9e2a90d87475,34.51,L,EXPIRED,42.0
ae362b62-274d-4e96-84e7-a65939bac1fe,2026-08-30,b20d8f39-c2e2-4853-a202-6f43e0041828,86c9d449-3f66-41d2-bfdb-d40385eca579,4a7fc09a-aada-4907-ab4e-482c3a6a066a,fb0ad8e0-e5e4-48b7-8eea-9e2a90d87475,72.98,L,EXPIRED,42.0
02c93be0-a4c1-4a0b-9f7f-14121be21b4e,2026-08-31,b20d8f39-c2e2-4853-a202-6f43e0041828,86c9d449-3f66-41d2-bfdb-d40385eca579,4a7fc09a-aada-4907-ab4e-482c3a6a066a,fb0ad8e0-e5e4-48b7-8eea-9e2a90d87475,29.0,L,EXPIRED,42.0
c655823c-1146-4d94-86c9-465b44910726,2026-09-01,b20d8f39-c2e2-4853-a202-6f43e0041828,86c9d449-3f66-41d2-bfdb-d40385eca579,4a7fc09a-aada-4907-ab4e-482c3a6a066a,fb0ad8e0-e5e4-48b7-8eea-9e2a90d87475,59.2,L,EXPIRED,42.0
982cf1df-730d-4274-a96e-dfad5cf90504,2026-09-02,b20d8f39-c2e2-4853-a202-6f43e0041828,86c9d449-3f66-41d2-bfdb-d40385eca579,4a7fc09a-aada-4907-ab4e-482c3a6a066a,fb0ad8e0-e5e4-48b7-8eea-9e2a90d87475,28.72,L,EXPIRED,42.0
30111316-88c5-4a52-b766-035b9f7ab419,2026-09-03,b20d8f39-c2e2-4853-a202-6f43e0041828,86c9d449-3f66-41d2-bfdb-d40385eca579,4a7fc09a-aada-4907-ab4e-482c3a6a066a,fb0ad8e0-e5e4-48b7-8eea-9e2a90d87475,110.76,L,EXPIRED,42.0
90a9623b-71b5-4818-8427-8de34d3b49eb,2026-09-04,b20d8f39-c2e2-4853-a202-6f43e0041828,86c9d449-3f66-41d2-bfdb-d40385eca579,4a7fc09a-aada-4907-ab4e-482c3a6a066a,fb0ad8e0-e5e4-48b7-8eea-9e2a90d87475,174.93,L,EXPIRED,42.0
5c760b24-88c1-4fb0-9ffb-44be14fe9f5f,2026-09-05,b20d8f39-c2e2-4853-a202-6f43e0041828,86c9d449-3f66-41d2-bfdb-d40385eca579,4a7fc09a-aada-4907-ab4e-482c3a6a066a,fb0ad8e0-e5e4-48b7-8eea-9e2a90d87475,90.74,L,EXPIRED,42.0
b3e7ccc5-af21-4ec7-9307-510b6ef32ff2,2026-09-06,b20d8f39-c2e2-4853-a202-6f43e0041828,86c9d449-3f66-41d2-bfdb-d40385eca579,4a7fc09a-aada-4907-ab4e-482c3a6a066a,fb0ad8e0-e5e4-48b7-8eea-9e2a90d87475,73.31,L,EXPIRED,42.0
8f3965ce-cffd-415c-a261-d039e3139a1d,2026-09-07,b20d8f39-c2e2-4853-a202-6f43e0041828,86c9d449-3f66-41d2-bfdb-d40385eca579,4a7fc09a-aada-4907-ab4e-482c3a6a066a,fb0ad8e0-e5e4-48b7-8eea-9e2a90d87475,43.93,L,EXPIRED,42.0
4dea35cf-bc68-4215-9eb2-bbcff1e49d81,2026-09-05,b20d8f39-c2e2-4853-a202-6f43e0041828,89414700-a29c-442e-84b4-bd0e350e2a09,2d57c11e-6346-4143-8899-4862ca78dad5,9d693283-bf30-4162-af2e-08ff4700e06a,3.54,kg,SPOILED,35.0
41b84ba0-3606-474a-92c3-0feb1bc32c43,2026-09-07,b20d8f39-c2e2-4853-a202-6f43e0041828,89414700-a29c-442e-84b4-bd0e350e2a09,2d57c11e-6346-4143-8899-4862ca78dad5,9d693283-bf30-4162-af2e-08ff4700e06a,9.31,kg,SPOILED,35.0
2cabdbbc-4497-4bbc-8858-b2bbb38d95a6,2026-08-29,de2aa412-e109-4bcf-b6e9-9d9ad0b05e22,b84574d4-874a-4bc8-8811-bf540d30bb51,94cd1867-dce6-43e8-b50d-43da76700549,f88afad5-3d69-4d7f-8a1b-095720bc60a3,378.67,units,EXPIRED,0.0
2162f21d-4fc1-403b-b6ec-502affa8fda5,2026-08-30,de2aa412-e109-4bcf-b6e9-9d9ad0b05e22,b84574d4-874a-4bc8-8811-bf540d30bb51,94cd1867-dce6-43e8-b50d-43da76700549,f88afad5-3d69-4d7f-8a1b-095720bc60a3,284.54,units,EXPIRED,0.0
eecfc478-e8b3-4213-ad98-d7f7918ea7d4,2026-08-31,de2aa412-e109-4bcf-b6e9-9d9ad0b05e22,b84574d4-874a-4bc8-8811-bf540d30bb51,94cd1867-dce6-43e8-b50d-43da76700549,f88afad5-3d69-4d7f-8a1b-095720bc60a3,209.21,units,EXPIRED,0.0
f180e321-24e7-4b3c-8c47-9edcc321b9a8,2026-09-01,de2aa412-e109-4bcf-b6e9-9d9ad0b05e22,b84574d4-874a-4bc8-8811-bf540d30bb51,94cd1867-dce6-43e8-b50d-43da76700549,f88afad5-3d69-4d7f-8a1b-095720bc60a3,226.8,units,EXPIRED,0.0
9c1ef07d-9369-4312-940c-ca73abac6718,2026-09-02,de2aa412-e109-4bcf-b6e9-9d9ad0b05e22,b84574d4-874a-4bc8-8811-bf540d30bb51,94cd1867-dce6-43e8-b50d-43da76700549,f88afad5-3d69-4d7f-8a1b-095720bc60a3,230.71,units,EXPIRED,0.0
8ae3a61c-f19e-4719-b9c1-74f21b8df532,2026-09-03,de2aa412-e109-4bcf-b6e9-9d9ad0b05e22,b84574d4-874a-4bc8-8811-bf540d30bb51,94cd1867-dce6-43e8-b50d-43da76700549,f88afad5-3d69-4d7f-8a1b-095720bc60a3,237.28,units,EXPIRED,0.0
ba084add-9546-47aa-bb78-76f2e1582b95,2026-09-04,de2aa412-e109-4bcf-b6e9-9d9ad0b05e22,b84574d4-874a-4bc8-8811-bf540d30bb51,94cd1867-dce6-43e8-b50d-43da76700549,f88afad5-3d69-4d7f-8a1b-095720bc60a3,237.14,units,EXPIRED,0.0
71d40180-989f-40bc-89ee-efd76a33b03b,2026-09-05,de2aa412-e109-4bcf-b6e9-9d9ad0b05e22,b84574d4-874a-4bc8-8811-bf540d30bb51,94cd1867-dce6-43e8-b50d-43da76700549,f88afad5-3d69-4d7f-8a1b-095720bc60a3,171.56,units,EXPIRED,0.0
451497ab-c615-4eee-8d93-7d3683c893c9,2026-09-06,de2aa412-e109-4bcf-b6e9-9d9ad0b05e22,b84574d4-874a-4bc8-8811-bf540d30bb51,94cd1867-dce6-43e8-b50d-43da76700549,f88afad5-3d69-4d7f-8a1b-095720bc60a3,240.95,units,EXPIRED,0.0
88875086-eb01-4b93-8129-f010d661a878,2026-09-07,de2aa412-e109-4bcf-b6e9-9d9ad0b05e22,b84574d4-874a-4bc8-8811-bf540d30bb51,94cd1867-dce6-43e8-b50d-43da76700549,f88afad5-3d69-4d7f-8a1b-095720bc60a3,219.11,units,EXPIRED,0.0
00b22a4d-f2b8-4a0b-ab44-3928065da799,2026-08-24,de2aa412-e109-4bcf-b6e9-9d9ad0b05e22,7bd8bcc0-f3ca-44ed-80bc-c680e6693617,80ee4eab-d83d-4306-b05c-82f63a06d1a4,e9eb532b-94c4-4dc4-9da9-02c46bdb5835,4.82,units,SPOILED,0.0
94f4e3f3-de34-4d01-9fdb-c71c53bbc492,2026-08-27,de2aa412-e109-4bcf-b6e9-9d9ad0b05e22,7bd8bcc0-f3ca-44ed-80bc-c680e6693617,80ee4eab-d83d-4306-b05c-82f63a06d1a4,e9eb532b-94c4-4dc4-9da9-02c46bdb5835,96.85,units,EXPIRED,0.0
dd3b851f-6ea1-4ea5-b352-1d4bfad00c9d,2026-08-28,de2aa412-e109-4bcf-b6e9-9d9ad0b05e22,7bd8bcc0-f3ca-44ed-80bc-c680e6693617,80ee4eab-d83d-4306-b05c-82f63a06d1a4,e9eb532b-94c4-4dc4-9da9-02c46bdb5835,109.53,units,EXPIRED,0.0
95ea17b8-6ded-4af1-a54a-d94cdb383045,2026-08-29,de2aa412-e109-4bcf-b6e9-9d9ad0b05e22,7bd8bcc0-f3ca-44ed-80bc-c680e6693617,80ee4eab-d83d-4306-b05c-82f63a06d1a4,e9eb532b-94c4-4dc4-9da9-02c46bdb5835,61.51,units,EXPIRED,0.0
9325442f-24a4-4f11-96f9-f2e16e347990,2026-08-30,de2aa412-e109-4bcf-b6e9-9d9ad0b05e22,7bd8bcc0-f3ca-44ed-80bc-c680e6693617,80ee4eab-d83d-4306-b05c-82f63a06d1a4,e9eb532b-94c4-4dc4-9da9-02c46bdb5835,111.23,units,EXPIRED,0.0
547ba273-f0e8-40c9-9103-98c989fbb46a,2026-08-31,de2aa412-e109-4bcf-b6e9-9d9ad0b05e22,7bd8bcc0-f3ca-44ed-80bc-c680e6693617,80ee4eab-d83d-4306-b05c-82f63a06d1a4,e9eb532b-94c4-4dc4-9da9-02c46bdb5835,79.62,units,EXPIRED,0.0
6963f3d9-f97e-480f-807c-19f4222fcfda,2026-09-01,de2aa412-e109-4bcf-b6e9-9d9ad0b05e22,7bd8bcc0-f3ca-44ed-80bc-c680e6693617,80ee4eab-d83d-4306-b05c-82f63a06d1a4,e9eb532b-94c4-4dc4-9da9-02c46bdb5835,152.43,units,EXPIRED,0.0
e9cfe39d-b8d6-4bd0-aae6-4de4c470f8d2,2026-09-02,de2aa412-e109-4bcf-b6e9-9d9ad0b05e22,7bd8bcc0-f3ca-44ed-80bc-c680e6693617,80ee4eab-d83d-4306-b05c-82f63a06d1a4,e9eb532b-94c4-4dc4-9da9-02c46bdb5835,33.1,units,EXPIRED,0.0
f6292328-03e9-4f66-b0f1-fef02a6ca540,2026-09-03,de2aa412-e109-4bcf-b6e9-9d9ad0b05e22,7bd8bcc0-f3ca-44ed-80bc-c680e6693617,80ee4eab-d83d-4306-b05c-82f63a06d1a4,e9eb532b-94c4-4dc4-9da9-02c46bdb5835,166.03,units,EXPIRED,0.0
db1788a6-6901-4e60-8f09-17021faba538,2026-09-04,de2aa412-e109-4bcf-b6e9-9d9ad0b05e22,7bd8bcc0-f3ca-44ed-80bc-c680e6693617,80ee4eab-d83d-4306-b05c-82f63a06d1a4,e9eb532b-94c4-4dc4-9da9-02c46bdb5835,120.0,units,EXPIRED,0.0
c3cf204a-82e8-4685-bb9f-ab1944220cac,2026-09-05,de2aa412-e109-4bcf-b6e9-9d9ad0b05e22,7bd8bcc0-f3ca-44ed-80bc-c680e6693617,80ee4eab-d83d-4306-b05c-82f63a06d1a4,e9eb532b-94c4-4dc4-9da9-02c46bdb5835,42.88,units,EXPIRED,0.0
a077ef79-bc52-4af2-8f5c-4d6be5da160a,2026-09-06,de2aa412-e109-4bcf-b6e9-9d9ad0b05e22,7bd8bcc0-f3ca-44ed-80bc-c680e6693617,80ee4eab-d83d-4306-b05c-82f63a06d1a4,e9eb532b-94c4-4dc4-9da9-02c46bdb5835,210.73,units,EXPIRED,0.0
68be649f-162a-4629-a095-2e05f6f7778d,2026-09-07,de2aa412-e109-4bcf-b6e9-9d9ad0b05e22,7bd8bcc0-f3ca-44ed-80bc-c680e6693617,80ee4eab-d83d-4306-b05c-82f63a06d1a4,e9eb532b-94c4-4dc4-9da9-02c46bdb5835,78.84,units,EXPIRED,0.0
79bb906c-aa6b-4cbe-829d-36e8af128353,2026-08-25,de2aa412-e109-4bcf-b6e9-9d9ad0b05e22,634638dd-37cc-4f1e-b442-bc59bc3bfb7c,284b7bf2-898c-40d5-8aba-619a7128ac28,19375bde-4d5a-47e5-bc1f-92c3473be236,5.78,kg,SPOILED,0.0
3e481b9d-38fd-4099-91e5-24157d88cb9d,2026-08-28,de2aa412-e109-4bcf-b6e9-9d9ad0b05e22,634638dd-37cc-4f1e-b442-bc59bc3bfb7c,284b7bf2-898c-40d5-8aba-619a7128ac28,19375bde-4d5a-47e5-bc1f-92c3473be236,77.53,kg,EXPIRED,0.0
d67b4e6f-0876-4380-b487-70d2052ce5c6,2026-08-29,de2aa412-e109-4bcf-b6e9-9d9ad0b05e22,634638dd-37cc-4f1e-b442-bc59bc3bfb7c,284b7bf2-898c-40d5-8aba-619a7128ac28,19375bde-4d5a-47e5-bc1f-92c3473be236,53.97,kg,EXPIRED,0.0
dd57b4c3-3e3a-4c3a-b134-f87b2ae2c073,2026-08-30,de2aa412-e109-4bcf-b6e9-9d9ad0b05e22,634638dd-37cc-4f1e-b442-bc59bc3bfb7c,284b7bf2-898c-40d5-8aba-619a7128ac28,19375bde-4d5a-47e5-bc1f-92c3473be236,104.47,kg,EXPIRED,0.0
986bbfd4-7804-403b-9ee0-1f2c2e3656e5,2026-08-31,de2aa412-e109-4bcf-b6e9-9d9ad0b05e22,634638dd-37cc-4f1e-b442-bc59bc3bfb7c,284b7bf2-898c-40d5-8aba-619a7128ac28,19375bde-4d5a-47e5-bc1f-92c3473be236,62.8,kg,EXPIRED,0.0
fd7c3136-31ec-4df7-a4cc-a60fa877948c,2026-09-01,de2aa412-e109-4bcf-b6e9-9d9ad0b05e22,634638dd-37cc-4f1e-b442-bc59bc3bfb7c,284b7bf2-898c-40d5-8aba-619a7128ac28,19375bde-4d5a-47e5-bc1f-92c3473be236,39.35,kg,EXPIRED,0.0
a1ab3f4e-03cc-4491-bac1-799d21588f4b,2026-09-02,de2aa412-e109-4bcf-b6e9-9d9ad0b05e22,634638dd-37cc-4f1e-b442-bc59bc3bfb7c,284b7bf2-898c-40d5-8aba-619a7128ac28,19375bde-4d5a-47e5-bc1f-92c3473be236,90.22,kg,EXPIRED,0.0
25913098-dc4c-4ae9-a80e-a6be7742add4,2026-09-03,de2aa412-e109-4bcf-b6e9-9d9ad0b05e22,634638dd-37cc-4f1e-b442-bc59bc3bfb7c,284b7bf2-898c-40d5-8aba-619a7128ac28,19375bde-4d5a-47e5-bc1f-92c3473be236,28.27,kg,EXPIRED,0.0
8e94aafa-daba-4341-8d12-219244e6ead2,2026-09-04,de2aa412-e109-4bcf-b6e9-9d9ad0b05e22,634638dd-37cc-4f1e-b442-bc59bc3bfb7c,284b7bf2-898c-40d5-8aba-619a7128ac28,19375bde-4d5a-47e5-bc1f-92c3473be236,149.97,kg,EXPIRED,0.0
6c27bded-e357-4c66-b56a-8efd3778843e,2026-09-05,de2aa412-e109-4bcf-b6e9-9d9ad0b05e22,634638dd-37cc-4f1e-b442-bc59bc3bfb7c,284b7bf2-898c-40d5-8aba-619a7128ac28,19375bde-4d5a-47e5-bc1f-92c3473be236,136.44,kg,EXPIRED,0.0
54c3d656-679a-45fa-9cf2-51aeb42fce3d,2026-09-06,de2aa412-e109-4bcf-b6e9-9d9ad0b05e22,634638dd-37cc-4f1e-b442-bc59bc3bfb7c,284b7bf2-898c-40d5-8aba-619a7128ac28,19375bde-4d5a-47e5-bc1f-92c3473be236,24.0,kg,EXPIRED,0.0
bb87fdc9-fc5e-49dd-99c4-1fdff7db62d1,2026-09-07,de2aa412-e109-4bcf-b6e9-9d9ad0b05e22,634638dd-37cc-4f1e-b442-bc59bc3bfb7c,284b7bf2-898c-40d5-8aba-619a7128ac28,19375bde-4d5a-47e5-bc1f-92c3473be236,88.55,kg,EXPIRED,0.0
c2abc4e3-2f73-48c9-9491-dc7f69d161d8,2026-08-25,de2aa412-e109-4bcf-b6e9-9d9ad0b05e22,a52866af-8c40-44be-b216-7444874c214c,6ff4fe00-1ccb-4857-b3e6-fe13489dc014,a11dfc3a-fb4b-45fe-9ab3-73106f58bef8,5.78,kg,SPOILED,0.0
36fa8695-c629-4064-be71-0f3ad55e6ad9,2026-08-26,de2aa412-e109-4bcf-b6e9-9d9ad0b05e22,a52866af-8c40-44be-b216-7444874c214c,6ff4fe00-1ccb-4857-b3e6-fe13489dc014,a11dfc3a-fb4b-45fe-9ab3-73106f58bef8,96.56,kg,EXPIRED,0.0
6cba2706-bcd3-4831-9c3f-aa72a7d27807,2026-08-27,de2aa412-e109-4bcf-b6e9-9d9ad0b05e22,a52866af-8c40-44be-b216-7444874c214c,6ff4fe00-1ccb-4857-b3e6-fe13489dc014,a11dfc3a-fb4b-45fe-9ab3-73106f58bef8,84.48,kg,EXPIRED,0.0
64e197e5-3feb-408b-af07-d726623a8711,2026-08-28,de2aa412-e109-4bcf-b6e9-9d9ad0b05e22,a52866af-8c40-44be-b216-7444874c214c,6ff4fe00-1ccb-4857-b3e6-fe13489dc014,a11dfc3a-fb4b-45fe-9ab3-73106f58bef8,31.24,kg,EXPIRED,0.0
d3747700-7ccc-4d20-a037-558ccfb9cf49,2026-08-29,de2aa412-e109-4bcf-b6e9-9d9ad0b05e22,a52866af-8c40-44be-b216-7444874c214c,6ff4fe00-1ccb-4857-b3e6-fe13489dc014,a11dfc3a-fb4b-45fe-9ab3-73106f58bef8,49.61,kg,EXPIRED,0.0
9447af5e-2ce8-46e4-9105-64cb37e1c30b,2026-08-30,de2aa412-e109-4bcf-b6e9-9d9ad0b05e22,a52866af-8c40-44be-b216-7444874c214c,6ff4fe00-1ccb-4857-b3e6-fe13489dc014,a11dfc3a-fb4b-45fe-9ab3-73106f58bef8,33.66,kg,EXPIRED,0.0
69993b5d-9121-4f32-b73e-a2f64c7955b2,2026-08-31,de2aa412-e109-4bcf-b6e9-9d9ad0b05e22,a52866af-8c40-44be-b216-7444874c214c,6ff4fe00-1ccb-4857-b3e6-fe13489dc014,a11dfc3a-fb4b-45fe-9ab3-73106f58bef8,59.89,kg,EXPIRED,0.0
c486e571-f0d4-4870-8667-5d8b5c79c7f5,2026-09-01,de2aa412-e109-4bcf-b6e9-9d9ad0b05e22,a52866af-8c40-44be-b216-7444874c214c,6ff4fe00-1ccb-4857-b3e6-fe13489dc014,a11dfc3a-fb4b-45fe-9ab3-73106f58bef8,41.33,kg,EXPIRED,0.0
6a19b6ac-f6a3-4604-a895-97b5b13ff8cf,2026-09-02,de2aa412-e109-4bcf-b6e9-9d9ad0b05e22,a52866af-8c40-44be-b216-7444874c214c,6ff4fe00-1ccb-4857-b3e6-fe13489dc014,a11dfc3a-fb4b-45fe-9ab3-73106f58bef8,75.1,kg,EXPIRED,0.0
be82c379-46d6-42de-bf8f-97b82ebbc076,2026-09-03,de2aa412-e109-4bcf-b6e9-9d9ad0b05e22,a52866af-8c40-44be-b216-7444874c214c,6ff4fe00-1ccb-4857-b3e6-fe13489dc014,a11dfc3a-fb4b-45fe-9ab3-73106f58bef8,37.59,kg,EXPIRED,0.0
cc75f5f3-833c-4890-bb75-f2e2b6f64c0e,2026-09-04,de2aa412-e109-4bcf-b6e9-9d9ad0b05e22,a52866af-8c40-44be-b216-7444874c214c,6ff4fe00-1ccb-4857-b3e6-fe13489dc014,a11dfc3a-fb4b-45fe-9ab3-73106f58bef8,95.84,kg,EXPIRED,0.0
7b744e1d-edeb-4c43-b47b-7987bc1b102b,2026-09-05,de2aa412-e109-4bcf-b6e9-9d9ad0b05e22,a52866af-8c40-44be-b216-7444874c214c,6ff4fe00-1ccb-4857-b3e6-fe13489dc014,a11dfc3a-fb4b-45fe-9ab3-73106f58bef8,60.82,kg,EXPIRED,0.0
0a337956-d08a-4603-9413-c97e4fb85408,2026-09-06,de2aa412-e109-4bcf-b6e9-9d9ad0b05e22,a52866af-8c40-44be-b216-7444874c214c,6ff4fe00-1ccb-4857-b3e6-fe13489dc014,a11dfc3a-fb4b-45fe-9ab3-73106f58bef8,109.48,kg,EXPIRED,0.0
e87c48fc-1ad0-45f2-82ac-304d78422623,2026-09-07,de2aa412-e109-4bcf-b6e9-9d9ad0b05e22,a52866af-8c40-44be-b216-7444874c214c,6ff4fe00-1ccb-4857-b3e6-fe13489dc014,a11dfc3a-fb4b-45fe-9ab3-73106f58bef8,76.52,kg,EXPIRED,0.0
cd526ea7-6254-4034-86d7-da04edb81d55,2026-08-28,de2aa412-e109-4bcf-b6e9-9d9ad0b05e22,9cb23577-19df-4574-ab77-553f6d3490d7,d62800f9-f2ad-4cac-8831-6061caa962fe,2b091509-d73a-4eb4-b3b9-54c74af3107f,12.52,kg,SPOILED,0.0
e6aeac32-2ebb-4e14-9f9c-40c019831aef,2026-08-30,de2aa412-e109-4bcf-b6e9-9d9ad0b05e22,9cb23577-19df-4574-ab77-553f6d3490d7,d62800f9-f2ad-4cac-8831-6061caa962fe,2b091509-d73a-4eb4-b3b9-54c74af3107f,49.58,kg,EXPIRED,0.0
d44f5380-b551-4ca7-b591-541451f75954,2026-08-31,de2aa412-e109-4bcf-b6e9-9d9ad0b05e22,9cb23577-19df-4574-ab77-553f6d3490d7,d62800f9-f2ad-4cac-8831-6061caa962fe,2b091509-d73a-4eb4-b3b9-54c74af3107f,43.81,kg,EXPIRED,0.0
afbbfb93-f709-4ee2-a380-749771e0d7b9,2026-09-01,de2aa412-e109-4bcf-b6e9-9d9ad0b05e22,9cb23577-19df-4574-ab77-553f6d3490d7,d62800f9-f2ad-4cac-8831-6061caa962fe,2b091509-d73a-4eb4-b3b9-54c74af3107f,110.45,kg,EXPIRED,0.0
21293bbd-fcd5-4374-955f-aeacf62fffa0,2026-09-02,de2aa412-e109-4bcf-b6e9-9d9ad0b05e22,9cb23577-19df-4574-ab77-553f6d3490d7,d62800f9-f2ad-4cac-8831-6061caa962fe,2b091509-d73a-4eb4-b3b9-54c74af3107f,63.99,kg,EXPIRED,0.0
06af4a4f-3cbc-4196-9599-956fdd80e07f,2026-09-03,de2aa412-e109-4bcf-b6e9-9d9ad0b05e22,9cb23577-19df-4574-ab77-553f6d3490d7,d62800f9-f2ad-4cac-8831-6061caa962fe,2b091509-d73a-4eb4-b3b9-54c74af3107f,51.45,kg,EXPIRED,0.0
a4407870-381c-41ab-b1a0-532562d03bed,2026-09-04,de2aa412-e109-4bcf-b6e9-9d9ad0b05e22,9cb23577-19df-4574-ab77-553f6d3490d7,d62800f9-f2ad-4cac-8831-6061caa962fe,2b091509-d73a-4eb4-b3b9-54c74af3107f,64.27,kg,EXPIRED,0.0
756e0aae-841a-40ac-8860-59f8e04807c0,2026-09-05,de2aa412-e109-4bcf-b6e9-9d9ad0b05e22,9cb23577-19df-4574-ab77-553f6d3490d7,d62800f9-f2ad-4cac-8831-6061caa962fe,2b091509-d73a-4eb4-b3b9-54c74af3107f,40.05,kg,EXPIRED,0.0
f45e9e8e-1c23-48f0-9e11-bf7935217570,2026-09-06,de2aa412-e109-4bcf-b6e9-9d9ad0b05e22,9cb23577-19df-4574-ab77-553f6d3490d7,d62800f9-f2ad-4cac-8831-6061caa962fe,2b091509-d73a-4eb4-b3b9-54c74af3107f,89.78,kg,EXPIRED,0.0
236708b7-55cf-4991-81f7-b4b0365741f4,2026-09-07,de2aa412-e109-4bcf-b6e9-9d9ad0b05e22,9cb23577-19df-4574-ab77-553f6d3490d7,d62800f9-f2ad-4cac-8831-6061caa962fe,2b091509-d73a-4eb4-b3b9-54c74af3107f,70.35,kg,EXPIRED,0.0
2830acfe-7639-4b5a-a107-64d5109a673c,2026-05-06,de2aa412-e109-4bcf-b6e9-9d9ad0b05e22,4f98fe0c-8596-458e-a60a-7d2a0424626c,c57f2604-416c-44c9-93cf-a08ebcb9854f,f88afad5-3d69-4d7f-8a1b-095720bc60a3,100.34,units,SPOILED,7.0
e9dd2fff-5f76-4f9d-ab0a-b26864895689,2026-05-08,de2aa412-e109-4bcf-b6e9-9d9ad0b05e22,4f98fe0c-8596-458e-a60a-7d2a0424626c,c57f2604-416c-44c9-93cf-a08ebcb9854f,f88afad5-3d69-4d7f-8a1b-095720bc60a3,579.56,units,EXPIRED,7.0
6e0d1a8f-c414-4c25-8c8d-23bf27ff14e7,2026-05-09,de2aa412-e109-4bcf-b6e9-9d9ad0b05e22,4f98fe0c-8596-458e-a60a-7d2a0424626c,c57f2604-416c-44c9-93cf-a08ebcb9854f,f88afad5-3d69-4d7f-8a1b-095720bc60a3,347.3,units,EXPIRED,7.0
f17211e6-8aeb-4612-b7da-066349bee441,2026-05-10,de2aa412-e109-4bcf-b6e9-9d9ad0b05e22,4f98fe0c-8596-458e-a60a-7d2a0424626c,c57f2604-416c-44c9-93cf-a08ebcb9854f,f88afad5-3d69-4d7f-8a1b-095720bc60a3,1186.35,units,EXPIRED,7.0
a5ef9cfd-bb06-4588-b277-bfca2c743a40,2026-05-11,de2aa412-e109-4bcf-b6e9-9d9ad0b05e22,4f98fe0c-8596-458e-a60a-7d2a0424626c,c57f2604-416c-44c9-93cf-a08ebcb9854f,f88afad5-3d69-4d7f-8a1b-095720bc60a3,576.42,units,EXPIRED,7.0
2be5dced-8f40-4825-b277-01e50ae6b803,2026-05-12,de2aa412-e109-4bcf-b6e9-9d9ad0b05e22,4f98fe0c-8596-458e-a60a-7d2a0424626c,c57f2604-416c-44c9-93cf-a08ebcb9854f,f88afad5-3d69-4d7f-8a1b-095720bc60a3,449.08,units,EXPIRED,7.0
1fd22b7b-19a1-4c31-b31e-f1cf7bf10384,2026-05-13,de2aa412-e109-4bcf-b6e9-9d9ad0b05e22,4f98fe0c-8596-458e-a60a-7d2a0424626c,c57f2604-416c-44c9-93cf-a08ebcb9854f,f88afad5-3d69-4d7f-8a1b-095720bc60a3,243.49,units,EXPIRED,7.0
51d1eddd-f5d4-41f2-a4de-4d17a3abfb3f,2026-05-14,de2aa412-e109-4bcf-b6e9-9d9ad0b05e22,4f98fe0c-8596-458e-a60a-7d2a0424626c,c57f2604-416c-44c9-93cf-a08ebcb9854f,f88afad5-3d69-4d7f-8a1b-095720bc60a3,817.76,units,EXPIRED,7.0
e3e55710-9ffa-4962-aec1-f243bfb13cb5,2026-05-15,de2aa412-e109-4bcf-b6e9-9d9ad0b05e22,4f98fe0c-8596-458e-a60a-7d2a0424626c,c57f2604-416c-44c9-93cf-a08ebcb9854f,f88afad5-3d69-4d7f-8a1b-095720bc60a3,1119.9,units,EXPIRED,7.0
26b80466-41ad-4d30-b7fb-b7279decd537,2026-05-16,de2aa412-e109-4bcf-b6e9-9d9ad0b05e22,4f98fe0c-8596-458e-a60a-7d2a0424626c,c57f2604-416c-44c9-93cf-a08ebcb9854f,f88afad5-3d69-4d7f-8a1b-095720bc60a3,375.92,units,EXPIRED,7.0
582a96e0-db56-43c6-806a-b88f3d37c7f0,2026-05-17,de2aa412-e109-4bcf-b6e9-9d9ad0b05e22,4f98fe0c-8596-458e-a60a-7d2a0424626c,c57f2604-416c-44c9-93cf-a08ebcb9854f,f88afad5-3d69-4d7f-8a1b-095720bc60a3,560.42,units,EXPIRED,7.0
3da86bab-8224-4395-99de-84d4fb60c082,2026-05-18,de2aa412-e109-4bcf-b6e9-9d9ad0b05e22,4f98fe0c-8596-458e-a60a-7d2a0424626c,c57f2604-416c-44c9-93cf-a08ebcb9854f,f88afad5-3d69-4d7f-8a1b-095720bc60a3,267.79,units,EXPIRED,7.0
2e3d02d5-93fc-41f1-acd2-9cb1bff7cd19,2026-05-19,de2aa412-e109-4bcf-b6e9-9d9ad0b05e22,4f98fe0c-8596-458e-a60a-7d2a0424626c,c57f2604-416c-44c9-93cf-a08ebcb9854f,f88afad5-3d69-4d7f-8a1b-095720bc60a3,761.91,units,EXPIRED,7.0
ed857bd4-a717-447b-9a03-7d7931ccd226,2026-05-20,de2aa412-e109-4bcf-b6e9-9d9ad0b05e22,4f98fe0c-8596-458e-a60a-7d2a0424626c,c57f2604-416c-44c9-93cf-a08ebcb9854f,f88afad5-3d69-4d7f-8a1b-095720bc60a3,282.2,units,EXPIRED,7.0
428af14c-dba5-4a28-8748-623bb75f79bb,2026-05-21,de2aa412-e109-4bcf-b6e9-9d9ad0b05e22,4f98fe0c-8596-458e-a60a-7d2a0424626c,c57f2604-416c-44c9-93cf-a08ebcb9854f,f88afad5-3d69-4d7f-8a1b-095720bc60a3,568.73,units,EXPIRED,7.0
bdf8e70d-caf9-433b-ab2f-7041852678e9,2026-05-22,de2aa412-e109-4bcf-b6e9-9d9ad0b05e22,4f98fe0c-8596-458e-a60a-7d2a0424626c,c57f2604-416c-44c9-93cf-a08ebcb9854f,f88afad5-3d69-4d7f-8a1b-095720bc60a3,397.7,units,EXPIRED,7.0
37f1e227-bd1b-4dc3-b2f2-3cb47a78c2ca,2026-05-23,de2aa412-e109-4bcf-b6e9-9d9ad0b05e22,4f98fe0c-8596-458e-a60a-7d2a0424626c,c57f2604-416c-44c9-93cf-a08ebcb9854f,f88afad5-3d69-4d7f-8a1b-095720bc60a3,540.48,units,EXPIRED,7.0
dfe54115-8861-42b9-b1e9-474f026896e0,2026-05-24,de2aa412-e109-4bcf-b6e9-9d9ad0b05e22,4f98fe0c-8596-458e-a60a-7d2a0424626c,c57f2604-416c-44c9-93cf-a08ebcb9854f,f88afad5-3d69-4d7f-8a1b-095720bc60a3,766.23,units,EXPIRED,7.0
75c8a8e3-30c6-482f-a72d-3786a2b505de,2026-05-25,de2aa412-e109-4bcf-b6e9-9d9ad0b05e22,4f98fe0c-8596-458e-a60a-7d2a0424626c,c57f2604-416c-44c9-93cf-a08ebcb9854f,f88afad5-3d69-4d7f-8a1b-095720bc60a3,468.12,units,EXPIRED,7.0
ffef85eb-105d-4c03-8943-d9a414dbfe27,2026-05-26,de2aa412-e109-4bcf-b6e9-9d9ad0b05e22,4f98fe0c-8596-458e-a60a-7d2a0424626c,c57f2604-416c-44c9-93cf-a08ebcb9854f,f88afad5-3d69-4d7f-8a1b-095720bc60a3,766.64,units,EXPIRED,7.0
5035407a-f81f-4bea-aeb3-2265b646b196,2026-05-27,de2aa412-e109-4bcf-b6e9-9d9ad0b05e22,4f98fe0c-8596-458e-a60a-7d2a0424626c,c57f2604-416c-44c9-93cf-a08ebcb9854f,f88afad5-3d69-4d7f-8a1b-095720bc60a3,1123.84,units,EXPIRED,7.0
499e56bf-7917-439b-8841-838047b7909d,2026-05-28,de2aa412-e109-4bcf-b6e9-9d9ad0b05e22,4f98fe0c-8596-458e-a60a-7d2a0424626c,c57f2604-416c-44c9-93cf-a08ebcb9854f,f88afad5-3d69-4d7f-8a1b-095720bc60a3,1007.88,units,EXPIRED,7.0
a032269f-b3da-424b-a8d5-83b8b41d50a0,2026-05-29,de2aa412-e109-4bcf-b6e9-9d9ad0b05e22,4f98fe0c-8596-458e-a60a-7d2a0424626c,c57f2604-416c-44c9-93cf-a08ebcb9854f,f88afad5-3d69-4d7f-8a1b-095720bc60a3,963.85,units,EXPIRED,7.0
ab27b758-92df-4c8c-a624-567e5543092b,2026-05-30,de2aa412-e109-4bcf-b6e9-9d9ad0b05e22,4f98fe0c-8596-458e-a60a-7d2a0424626c,c57f2604-416c-44c9-93cf-a08ebcb9854f,f88afad5-3d69-4d7f-8a1b-095720bc60a3,589.41,units,EXPIRED,7.0
c0dc5f85-6a38-4c73-af13-84cd8970637f,2026-05-31,de2aa412-e109-4bcf-b6e9-9d9ad0b05e22,4f98fe0c-8596-458e-a60a-7d2a0424626c,c57f2604-416c-44c9-93cf-a08ebcb9854f,f88afad5-3d69-4d7f-8a1b-095720bc60a3,1416.11,units,EXPIRED,7.0
0d6abbb2-a93e-4be5-a01c-25e43c11bfd1,2026-06-01,de2aa412-e109-4bcf-b6e9-9d9ad0b05e22,4f98fe0c-8596-458e-a60a-7d2a0424626c,c57f2604-416c-44c9-93cf-a08ebcb9854f,f88afad5-3d69-4d7f-8a1b-095720bc60a3,392.36,units,EXPIRED,7.0
f6a48a21-3a79-4332-a83f-e8985831f831,2026-06-02,de2aa412-e109-4bcf-b6e9-9d9ad0b05e22,4f98fe0c-8596-458e-a60a-7d2a0424626c,c57f2604-416c-44c9-93cf-a08ebcb9854f,f88afad5-3d69-4d7f-8a1b-095720bc60a3,381.72,units,EXPIRED,7.0
8074eeb7-0a4b-41bd-b858-c85a6e18f6ac,2026-06-03,de2aa412-e109-4bcf-b6e9-9d9ad0b05e22,4f98fe0c-8596-458e-a60a-7d2a0424626c,c57f2604-416c-44c9-93cf-a08ebcb9854f,f88afad5-3d69-4d7f-8a1b-095720bc60a3,1031.21,units,EXPIRED,7.0
44ac72c1-ea4d-4da9-8911-479c222166f9,2026-06-04,de2aa412-e109-4bcf-b6e9-9d9ad0b05e22,4f98fe0c-8596-458e-a60a-7d2a0424626c,c57f2604-416c-44c9-93cf-a08ebcb9854f,f88afad5-3d69-4d7f-8a1b-095720bc60a3,610.08,units,EXPIRED,7.0
81d21115-429e-4911-81c7-2a3dd92070b2,2026-06-05,de2aa412-e109-4bcf-b6e9-9d9ad0b05e22,4f98fe0c-8596-458e-a60a-7d2a0424626c,c57f2604-416c-44c9-93cf-a08ebcb9854f,f88afad5-3d69-4d7f-8a1b-095720bc60a3,609.15,units,EXPIRED,7.0
c7513624-2554-4115-b3c2-864c5bab1d47,2026-06-06,de2aa412-e109-4bcf-b6e9-9d9ad0b05e22,4f98fe0c-8596-458e-a60a-7d2a0424626c,c57f2604-416c-44c9-93cf-a08ebcb9854f,f88afad5-3d69-4d7f-8a1b-095720bc60a3,755.37,units,EXPIRED,7.0
ce19fea2-34d7-4efd-a755-7b6860a296e8,2026-06-07,de2aa412-e109-4bcf-b6e9-9d9ad0b05e22,4f98fe0c-8596-458e-a60a-7d2a0424626c,c57f2604-416c-44c9-93cf-a08ebcb9854f,f88afad5-3d69-4d7f-8a1b-095720bc60a3,637.2,units,EXPIRED,7.0
22ccaa48-8f13-46ec-afe2-f468ae0fa051,2026-06-08,de2aa412-e109-4bcf-b6e9-9d9ad0b05e22,4f98fe0c-8596-458e-a60a-7d2a0424626c,c57f2604-416c-44c9-93cf-a08ebcb9854f,f88afad5-3d69-4d7f-8a1b-095720bc60a3,438.99,units,EXPIRED,7.0
7b601714-a8ee-4ec3-87ef-a5eb904eb740,2026-06-09,de2aa412-e109-4bcf-b6e9-9d9ad0b05e22,4f98fe0c-8596-458e-a60a-7d2a0424626c,c57f2604-416c-44c9-93cf-a08ebcb9854f,f88afad5-3d69-4d7f-8a1b-095720bc60a3,907.22,units,EXPIRED,7.0
b0e9d8c7-9852-4890-bce9-552903ec187f,2026-06-10,de2aa412-e109-4bcf-b6e9-9d9ad0b05e22,4f98fe0c-8596-458e-a60a-7d2a0424626c,c57f2604-416c-44c9-93cf-a08ebcb9854f,f88afad5-3d69-4d7f-8a1b-095720bc60a3,1011.73,units,EXPIRED,7.0
742f099c-78ce-417f-8c33-38543af6b1b7,2026-06-11,de2aa412-e109-4bcf-b6e9-9d9ad0b05e22,4f98fe0c-8596-458e-a60a-7d2a0424626c,c57f2604-416c-44c9-93cf-a08ebcb9854f,f88afad5-3d69-4d7f-8a1b-095720bc60a3,1189.45,units,EXPIRED,7.0
59d34ad2-f6d9-4b71-87ac-bf06c7866bcd,2026-06-12,de2aa412-e109-4bcf-b6e9-9d9ad0b05e22,4f98fe0c-8596-458e-a60a-7d2a0424626c,c57f2604-416c-44c9-93cf-a08ebcb9854f,f88afad5-3d69-4d7f-8a1b-095720bc60a3,655.21,units,EXPIRED,7.0
2050578d-057f-4ca7-9201-8f6c3fc724ca,2026-06-13,de2aa412-e109-4bcf-b6e9-9d9ad0b05e22,4f98fe0c-8596-458e-a60a-7d2a0424626c,c57f2604-416c-44c9-93cf-a08ebcb9854f,f88afad5-3d69-4d7f-8a1b-095720bc60a3,1300.67,units,EXPIRED,7.0
2cc92ed0-3a68-4b9e-9266-212a7845422c,2026-06-14,de2aa412-e109-4bcf-b6e9-9d9ad0b05e22,4f98fe0c-8596-458e-a60a-7d2a0424626c,c57f2604-416c-44c9-93cf-a08ebcb9854f,f88afad5-3d69-4d7f-8a1b-095720bc60a3,983.81,units,EXPIRED,7.0
1c7ae260-1f83-4bee-8add-8661788ef893,2026-06-15,de2aa412-e109-4bcf-b6e9-9d9ad0b05e22,4f98fe0c-8596-458e-a60a-7d2a0424626c,c57f2604-416c-44c9-93cf-a08ebcb9854f,f88afad5-3d69-4d7f-8a1b-095720bc60a3,188.53,units,EXPIRED,7.0
ee995d0e-91b1-4d11-a4c7-1ff57b49fd94,2026-06-16,de2aa412-e109-4bcf-b6e9-9d9ad0b05e22,4f98fe0c-8596-458e-a60a-7d2a0424626c,c57f2604-416c-44c9-93cf-a08ebcb9854f,f88afad5-3d69-4d7f-8a1b-095720bc60a3,727.79,units,EXPIRED,7.0
c25983e0-a9ab-4201-87af-472e3072609f,2026-06-17,de2aa412-e109-4bcf-b6e9-9d9ad0b05e22,4f98fe0c-8596-458e-a60a-7d2a0424626c,c57f2604-416c-44c9-93cf-a08ebcb9854f,f88afad5-3d69-4d7f-8a1b-095720bc60a3,168.5,units,EXPIRED,7.0
ddc181c5-419b-472d-a06f-ddfc0288ec4d,2026-06-18,de2aa412-e109-4bcf-b6e9-9d9ad0b05e22,4f98fe0c-8596-458e-a60a-7d2a0424626c,c57f2604-416c-44c9-93cf-a08ebcb9854f,f88afad5-3d69-4d7f-8a1b-095720bc60a3,532.05,units,EXPIRED,7.0
84cad02c-5195-48ef-84fa-62c353965616,2026-06-19,de2aa412-e109-4bcf-b6e9-9d9ad0b05e22,4f98fe0c-8596-458e-a60a-7d2a0424626c,c57f2604-416c-44c9-93cf-a08ebcb9854f,f88afad5-3d69-4d7f-8a1b-095720bc60a3,493.36,units,EXPIRED,7.0
64d00b17-80b9-49f1-a342-c03c7d5ecd55,2026-06-20,de2aa412-e109-4bcf-b6e9-9d9ad0b05e22,4f98fe0c-8596-458e-a60a-7d2a0424626c,c57f2604-416c-44c9-93cf-a08ebcb9854f,f88afad5-3d69-4d7f-8a1b-095720bc60a3,546.35,units,EXPIRED,7.0
6dab7dd9-7e5b-41ba-b2ba-00b3912793af,2026-06-21,de2aa412-e109-4bcf-b6e9-9d9ad0b05e22,4f98fe0c-8596-458e-a60a-7d2a0424626c,c57f2604-416c-44c9-93cf-a08ebcb9854f,f88afad5-3d69-4d7f-8a1b-095720bc60a3,761.26,units,EXPIRED,7.0
263ef6ee-b1f5-4e63-bddd-9865590db966,2026-06-22,de2aa412-e109-4bcf-b6e9-9d9ad0b05e22,4f98fe0c-8596-458e-a60a-7d2a0424626c,c57f2604-416c-44c9-93cf-a08ebcb9854f,f88afad5-3d69-4d7f-8a1b-095720bc60a3,732.27,units,EXPIRED,7.0
45bcba63-759c-4527-961c-9db0dea0936e,2026-06-23,de2aa412-e109-4bcf-b6e9-9d9ad0b05e22,4f98fe0c-8596-458e-a60a-7d2a0424626c,c57f2604-416c-44c9-93cf-a08ebcb9854f,f88afad5-3d69-4d7f-8a1b-095720bc60a3,406.67,units,EXPIRED,7.0
6c2d3860-5b33-43fc-8fce-113fe725f659,2026-06-24,de2aa412-e109-4bcf-b6e9-9d9ad0b05e22,4f98fe0c-8596-458e-a60a-7d2a0424626c,c57f2604-416c-44c9-93cf-a08ebcb9854f,f88afad5-3d69-4d7f-8a1b-095720bc60a3,1223.04,units,EXPIRED,7.0
30822e29-2d2d-494d-84c5-bbffe94dc89e,2026-06-25,de2aa412-e109-4bcf-b6e9-9d9ad0b05e22,4f98fe0c-8596-458e-a60a-7d2a0424626c,c57f2604-416c-44c9-93cf-a08ebcb9854f,f88afad5-3d69-4d7f-8a1b-095720bc60a3,617.48,units,EXPIRED,7.0
4aa9ba8a-5999-4f66-a705-416baf36c7df,2026-06-26,de2aa412-e109-4bcf-b6e9-9d9ad0b05e22,4f98fe0c-8596-458e-a60a-7d2a0424626c,c57f2604-416c-44c9-93cf-a08ebcb9854f,f88afad5-3d69-4d7f-8a1b-095720bc60a3,297.9,units,EXPIRED,7.0
bcd1dfaf-ec5c-46d4-abf6-41f4749a520c,2026-06-27,de2aa412-e109-4bcf-b6e9-9d9ad0b05e22,4f98fe0c-8596-458e-a60a-7d2a0424626c,c57f2604-416c-44c9-93cf-a08ebcb9854f,f88afad5-3d69-4d7f-8a1b-095720bc60a3,916.38,units,EXPIRED,7.0
5e1c522d-081b-4991-b409-b098995f6e3a,2026-06-28,de2aa412-e109-4bcf-b6e9-9d9ad0b05e22,4f98fe0c-8596-458e-a60a-7d2a0424626c,c57f2604-416c-44c9-93cf-a08ebcb9854f,f88afad5-3d69-4d7f-8a1b-095720bc60a3,693.76,units,EXPIRED,7.0
f2d1d650-e7e4-44bb-8d77-fda3db892b83,2026-06-29,de2aa412-e109-4bcf-b6e9-9d9ad0b05e22,4f98fe0c-8596-458e-a60a-7d2a0424626c,c57f2604-416c-44c9-93cf-a08ebcb9854f,f88afad5-3d69-4d7f-8a1b-095720bc60a3,324.01,units,EXPIRED,7.0
260ff32f-58db-48e1-89eb-b4e802c102f6,2026-06-30,de2aa412-e109-4bcf-b6e9-9d9ad0b05e22,4f98fe0c-8596-458e-a60a-7d2a0424626c,c57f2604-416c-44c9-93cf-a08ebcb9854f,f88afad5-3d69-4d7f-8a1b-095720bc60a3,885.87,units,EXPIRED,7.0
79afe9cd-ee2d-4830-b360-44feb3b10e25,2026-07-01,de2aa412-e109-4bcf-b6e9-9d9ad0b05e22,4f98fe0c-8596-458e-a60a-7d2a0424626c,c57f2604-416c-44c9-93cf-a08ebcb9854f,f88afad5-3d69-4d7f-8a1b-095720bc60a3,245.93,units,EXPIRED,7.0
84deee1d-e0fa-475f-87b3-04d93892788f,2026-07-02,de2aa412-e109-4bcf-b6e9-9d9ad0b05e22,4f98fe0c-8596-458e-a60a-7d2a0424626c,c57f2604-416c-44c9-93cf-a08ebcb9854f,f88afad5-3d69-4d7f-8a1b-095720bc60a3,692.69,units,EXPIRED,7.0
55a786ca-c143-463d-8926-d7d778b6395c,2026-07-03,de2aa412-e109-4bcf-b6e9-9d9ad0b05e22,4f98fe0c-8596-458e-a60a-7d2a0424626c,c57f2604-416c-44c9-93cf-a08ebcb9854f,f88afad5-3d69-4d7f-8a1b-095720bc60a3,723.86,units,EXPIRED,7.0
1b92ed16-662c-442d-b34c-ea6384a027da,2026-07-04,de2aa412-e109-4bcf-b6e9-9d9ad0b05e22,4f98fe0c-8596-458e-a60a-7d2a0424626c,c57f2604-416c-44c9-93cf-a08ebcb9854f,f88afad5-3d69-4d7f-8a1b-095720bc60a3,1066.91,units,EXPIRED,7.0
f9fa8522-148f-40a8-b4b3-fc7260f39db6,2026-07-05,de2aa412-e109-4bcf-b6e9-9d9ad0b05e22,4f98fe0c-8596-458e-a60a-7d2a0424626c,c57f2604-416c-44c9-93cf-a08ebcb9854f,f88afad5-3d69-4d7f-8a1b-095720bc60a3,590.01,units,EXPIRED,7.0
e1e17b06-e813-440a-961e-4a0e113298f2,2026-07-06,de2aa412-e109-4bcf-b6e9-9d9ad0b05e22,4f98fe0c-8596-458e-a60a-7d2a0424626c,c57f2604-416c-44c9-93cf-a08ebcb9854f,f88afad5-3d69-4d7f-8a1b-095720bc60a3,333.79,units,EXPIRED,7.0
424c402b-bbb8-45f7-a7ac-c4f4625f7c3e,2026-07-07,de2aa412-e109-4bcf-b6e9-9d9ad0b05e22,4f98fe0c-8596-458e-a60a-7d2a0424626c,c57f2604-416c-44c9-93cf-a08ebcb9854f,f88afad5-3d69-4d7f-8a1b-095720bc60a3,426.87,units,EXPIRED,7.0
441ca6b7-d766-4e2b-92bd-bf226914899f,2026-07-08,de2aa412-e109-4bcf-b6e9-9d9ad0b05e22,4f98fe0c-8596-458e-a60a-7d2a0424626c,c57f2604-416c-44c9-93cf-a08ebcb9854f,f88afad5-3d69-4d7f-8a1b-095720bc60a3,349.48,units,EXPIRED,7.0
33c57942-97f6-47ed-8cad-e3b36d7cf1d2,2026-07-09,de2aa412-e109-4bcf-b6e9-9d9ad0b05e22,4f98fe0c-8596-458e-a60a-7d2a0424626c,c57f2604-416c-44c9-93cf-a08ebcb9854f,f88afad5-3d69-4d7f-8a1b-095720bc60a3,1039.86,units,EXPIRED,7.0
ee4735c2-5605-4f11-b848-1203d507a3d1,2026-07-10,de2aa412-e109-4bcf-b6e9-9d9ad0b05e22,4f98fe0c-8596-458e-a60a-7d2a0424626c,c57f2604-416c-44c9-93cf-a08ebcb9854f,f88afad5-3d69-4d7f-8a1b-095720bc60a3,778.65,units,EXPIRED,7.0
73f38cf1-ee30-4227-af15-a6d0f75dd760,2026-07-11,de2aa412-e109-4bcf-b6e9-9d9ad0b05e22,4f98fe0c-8596-458e-a60a-7d2a0424626c,c57f2604-416c-44c9-93cf-a08ebcb9854f,f88afad5-3d69-4d7f-8a1b-095720bc60a3,1147.16,units,EXPIRED,7.0
c9be6196-5c55-4592-a1a9-0b9923357b2b,2026-07-12,de2aa412-e109-4bcf-b6e9-9d9ad0b05e22,4f98fe0c-8596-458e-a60a-7d2a0424626c,c57f2604-416c-44c9-93cf-a08ebcb9854f,f88afad5-3d69-4d7f-8a1b-095720bc60a3,453.8,units,EXPIRED,7.0
a51767e6-5798-4ae8-ba57-a1d099b21772,2026-07-13,de2aa412-e109-4bcf-b6e9-9d9ad0b05e22,4f98fe0c-8596-458e-a60a-7d2a0424626c,c57f2604-416c-44c9-93cf-a08ebcb9854f,f88afad5-3d69-4d7f-8a1b-095720bc60a3,208.72,units,EXPIRED,7.0
f5a9302a-29e2-4cc1-b6f4-73261ee25195,2026-07-14,de2aa412-e109-4bcf-b6e9-9d9ad0b05e22,4f98fe0c-8596-458e-a60a-7d2a0424626c,c57f2604-416c-44c9-93cf-a08ebcb9854f,f88afad5-3d69-4d7f-8a1b-095720bc60a3,574.29,units,EXPIRED,7.0
c0fa0c64-c427-427a-b2cb-db732d71740b,2026-07-15,de2aa412-e109-4bcf-b6e9-9d9ad0b05e22,4f98fe0c-8596-458e-a60a-7d2a0424626c,c57f2604-416c-44c9-93cf-a08ebcb9854f,f88afad5-3d69-4d7f-8a1b-095720bc60a3,1051.62,units,EXPIRED,7.0
865daf73-ce46-42ba-bdd4-a74f8de3070d,2026-07-16,de2aa412-e109-4bcf-b6e9-9d9ad0b05e22,4f98fe0c-8596-458e-a60a-7d2a0424626c,c57f2604-416c-44c9-93cf-a08ebcb9854f,f88afad5-3d69-4d7f-8a1b-095720bc60a3,610.02,units,EXPIRED,7.0
29daa14a-3d32-4eb5-bc4e-4c8697dbfa9b,2026-07-17,de2aa412-e109-4bcf-b6e9-9d9ad0b05e22,4f98fe0c-8596-458e-a60a-7d2a0424626c,c57f2604-416c-44c9-93cf-a08ebcb9854f,f88afad5-3d69-4d7f-8a1b-095720bc60a3,386.1,units,EXPIRED,7.0
906dbe46-87b8-4316-9828-db6ed6f1c504,2026-07-18,de2aa412-e109-4bcf-b6e9-9d9ad0b05e22,4f98fe0c-8596-458e-a60a-7d2a0424626c,c57f2604-416c-44c9-93cf-a08ebcb9854f,f88afad5-3d69-4d7f-8a1b-095720bc60a3,352.16,units,EXPIRED,7.0
9ab3bc11-85f0-435d-9aa5-36acda8d321c,2026-07-19,de2aa412-e109-4bcf-b6e9-9d9ad0b05e22,4f98fe0c-8596-458e-a60a-7d2a0424626c,c57f2604-416c-44c9-93cf-a08ebcb9854f,f88afad5-3d69-4d7f-8a1b-095720bc60a3,1400.37,units,EXPIRED,7.0
a4775ae9-ed3d-4fc0-aea6-45ddc1dca4f6,2026-07-20,de2aa412-e109-4bcf-b6e9-9d9ad0b05e22,4f98fe0c-8596-458e-a60a-7d2a0424626c,c57f2604-416c-44c9-93cf-a08ebcb9854f,f88afad5-3d69-4d7f-8a1b-095720bc60a3,1196.32,units,EXPIRED,7.0
67882690-44df-484b-8013-c1d384c7bc33,2026-07-21,de2aa412-e109-4bcf-b6e9-9d9ad0b05e22,4f98fe0c-8596-458e-a60a-7d2a0424626c,c57f2604-416c-44c9-93cf-a08ebcb9854f,f88afad5-3d69-4d7f-8a1b-095720bc60a3,636.78,units,EXPIRED,7.0
38ed04c0-e9ef-4a4f-b4bd-66c4317643b7,2026-07-22,de2aa412-e109-4bcf-b6e9-9d9ad0b05e22,4f98fe0c-8596-458e-a60a-7d2a0424626c,c57f2604-416c-44c9-93cf-a08ebcb9854f,f88afad5-3d69-4d7f-8a1b-095720bc60a3,247.77,units,EXPIRED,7.0
02dcd092-d38a-43e3-b686-730547b9172e,2026-07-23,de2aa412-e109-4bcf-b6e9-9d9ad0b05e22,4f98fe0c-8596-458e-a60a-7d2a0424626c,c57f2604-416c-44c9-93cf-a08ebcb9854f,f88afad5-3d69-4d7f-8a1b-095720bc60a3,659.47,units,EXPIRED,7.0
9cbc72fe-3baf-4ae2-ad4e-b56844d68a9d,2026-07-24,de2aa412-e109-4bcf-b6e9-9d9ad0b05e22,4f98fe0c-8596-458e-a60a-7d2a0424626c,c57f2604-416c-44c9-93cf-a08ebcb9854f,f88afad5-3d69-4d7f-8a1b-095720bc60a3,266.97,units,EXPIRED,7.0
bd85b6fe-cf4b-4353-903d-65ff6a98184c,2026-07-25,de2aa412-e109-4bcf-b6e9-9d9ad0b05e22,4f98fe0c-8596-458e-a60a-7d2a0424626c,c57f2604-416c-44c9-93cf-a08ebcb9854f,f88afad5-3d69-4d7f-8a1b-095720bc60a3,555.52,units,EXPIRED,7.0
7aa4bc59-e576-48bb-9c33-11297e8565c3,2026-07-26,de2aa412-e109-4bcf-b6e9-9d9ad0b05e22,4f98fe0c-8596-458e-a60a-7d2a0424626c,c57f2604-416c-44c9-93cf-a08ebcb9854f,f88afad5-3d69-4d7f-8a1b-095720bc60a3,229.31,units,EXPIRED,7.0
0951da38-ebe1-4f43-bf75-15acf497e372,2026-07-27,de2aa412-e109-4bcf-b6e9-9d9ad0b05e22,4f98fe0c-8596-458e-a60a-7d2a0424626c,c57f2604-416c-44c9-93cf-a08ebcb9854f,f88afad5-3d69-4d7f-8a1b-095720bc60a3,517.61,units,EXPIRED,7.0
25c42be7-40fb-4087-b27d-cac0b2bb8173,2026-07-28,de2aa412-e109-4bcf-b6e9-9d9ad0b05e22,4f98fe0c-8596-458e-a60a-7d2a0424626c,c57f2604-416c-44c9-93cf-a08ebcb9854f,f88afad5-3d69-4d7f-8a1b-095720bc60a3,617.46,units,EXPIRED,7.0
9fc91764-bb31-4c11-8bd9-360bfc16fcd2,2026-07-29,de2aa412-e109-4bcf-b6e9-9d9ad0b05e22,4f98fe0c-8596-458e-a60a-7d2a0424626c,c57f2604-416c-44c9-93cf-a08ebcb9854f,f88afad5-3d69-4d7f-8a1b-095720bc60a3,518.71,units,EXPIRED,7.0
72c009e1-6de6-45b1-ba72-9a2b76110665,2026-07-30,de2aa412-e109-4bcf-b6e9-9d9ad0b05e22,4f98fe0c-8596-458e-a60a-7d2a0424626c,c57f2604-416c-44c9-93cf-a08ebcb9854f,f88afad5-3d69-4d7f-8a1b-095720bc60a3,931.54,units,EXPIRED,7.0
d2970863-5827-4f93-b07b-c97bb8eaaa36,2026-07-31,de2aa412-e109-4bcf-b6e9-9d9ad0b05e22,4f98fe0c-8596-458e-a60a-7d2a0424626c,c57f2604-416c-44c9-93cf-a08ebcb9854f,f88afad5-3d69-4d7f-8a1b-095720bc60a3,313.31,units,EXPIRED,7.0
9a7e6c24-afcf-464a-b8c2-a68040f96b55,2026-08-01,de2aa412-e109-4bcf-b6e9-9d9ad0b05e22,4f98fe0c-8596-458e-a60a-7d2a0424626c,c57f2604-416c-44c9-93cf-a08ebcb9854f,f88afad5-3d69-4d7f-8a1b-095720bc60a3,604.29,units,EXPIRED,7.0
c73058cf-6a05-42a7-ab7f-77c062f27ab5,2026-08-02,de2aa412-e109-4bcf-b6e9-9d9ad0b05e22,4f98fe0c-8596-458e-a60a-7d2a0424626c,c57f2604-416c-44c9-93cf-a08ebcb9854f,f88afad5-3d69-4d7f-8a1b-095720bc60a3,796.45,units,EXPIRED,7.0
a195e410-a651-406d-afa4-661e2683f6ae,2026-08-03,de2aa412-e109-4bcf-b6e9-9d9ad0b05e22,4f98fe0c-8596-458e-a60a-7d2a0424626c,c57f2604-416c-44c9-93cf-a08ebcb9854f,f88afad5-3d69-4d7f-8a1b-095720bc60a3,783.74,units,EXPIRED,7.0
f666293b-a6c6-4f4e-864a-84901a16c661,2026-08-04,de2aa412-e109-4bcf-b6e9-9d9ad0b05e22,4f98fe0c-8596-458e-a60a-7d2a0424626c,c57f2604-416c-44c9-93cf-a08ebcb9854f,f88afad5-3d69-4d7f-8a1b-095720bc60a3,384.36,units,EXPIRED,7.0
c3f034f9-6aa4-4143-98a9-54b6b54fb689,2026-08-05,de2aa412-e109-4bcf-b6e9-9d9ad0b05e22,4f98fe0c-8596-458e-a60a-7d2a0424626c,c57f2604-416c-44c9-93cf-a08ebcb9854f,f88afad5-3d69-4d7f-8a1b-095720bc60a3,884.99,units,EXPIRED,7.0
542cf421-c1d5-4561-8428-7fa025d92869,2026-08-06,de2aa412-e109-4bcf-b6e9-9d9ad0b05e22,4f98fe0c-8596-458e-a60a-7d2a0424626c,c57f2604-416c-44c9-93cf-a08ebcb9854f,f88afad5-3d69-4d7f-8a1b-095720bc60a3,641.69,units,EXPIRED,7.0
c41aee55-1a05-4e57-9d4c-9339d84f0c45,2026-08-07,de2aa412-e109-4bcf-b6e9-9d9ad0b05e22,4f98fe0c-8596-458e-a60a-7d2a0424626c,c57f2604-416c-44c9-93cf-a08ebcb9854f,f88afad5-3d69-4d7f-8a1b-095720bc60a3,391.93,units,EXPIRED,7.0
0471b849-2026-4aab-90f5-9c041e5c8593,2026-08-08,de2aa412-e109-4bcf-b6e9-9d9ad0b05e22,4f98fe0c-8596-458e-a60a-7d2a0424626c,c57f2604-416c-44c9-93cf-a08ebcb9854f,f88afad5-3d69-4d7f-8a1b-095720bc60a3,783.3,units,EXPIRED,7.0
eb861375-e3c1-43ff-bc4b-bfedc54df02a,2026-08-09,de2aa412-e109-4bcf-b6e9-9d9ad0b05e22,4f98fe0c-8596-458e-a60a-7d2a0424626c,c57f2604-416c-44c9-93cf-a08ebcb9854f,f88afad5-3d69-4d7f-8a1b-095720bc60a3,779.64,units,EXPIRED,7.0
d0203532-044b-4ba6-97ab-28c1f6d53e08,2026-08-10,de2aa412-e109-4bcf-b6e9-9d9ad0b05e22,4f98fe0c-8596-458e-a60a-7d2a0424626c,c57f2604-416c-44c9-93cf-a08ebcb9854f,f88afad5-3d69-4d7f-8a1b-095720bc60a3,1259.66,units,EXPIRED,7.0
dd8316c7-4701-4bd0-aaac-638acb30340d,2026-08-11,de2aa412-e109-4bcf-b6e9-9d9ad0b05e22,4f98fe0c-8596-458e-a60a-7d2a0424626c,c57f2604-416c-44c9-93cf-a08ebcb9854f,f88afad5-3d69-4d7f-8a1b-095720bc60a3,743.53,units,EXPIRED,7.0
803dbb02-3e8d-460d-b624-bfd0cb4d4a8b,2026-08-12,de2aa412-e109-4bcf-b6e9-9d9ad0b05e22,4f98fe0c-8596-458e-a60a-7d2a0424626c,c57f2604-416c-44c9-93cf-a08ebcb9854f,f88afad5-3d69-4d7f-8a1b-095720bc60a3,458.85,units,EXPIRED,7.0
ee86fd39-929c-4010-b76b-37ef0b73c46b,2026-08-13,de2aa412-e109-4bcf-b6e9-9d9ad0b05e22,4f98fe0c-8596-458e-a60a-7d2a0424626c,c57f2604-416c-44c9-93cf-a08ebcb9854f,f88afad5-3d69-4d7f-8a1b-095720bc60a3,837.31,units,EXPIRED,7.0
ebaff07a-0e0d-468a-ad85-358960fdfbe0,2026-08-14,de2aa412-e109-4bcf-b6e9-9d9ad0b05e22,4f98fe0c-8596-458e-a60a-7d2a0424626c,c57f2604-416c-44c9-93cf-a08ebcb9854f,f88afad5-3d69-4d7f-8a1b-095720bc60a3,1044.09,units,EXPIRED,7.0
ede2e7c7-a4d3-4a86-a105-b39647b5839a,2026-08-15,de2aa412-e109-4bcf-b6e9-9d9ad0b05e22,4f98fe0c-8596-458e-a60a-7d2a0424626c,c57f2604-416c-44c9-93cf-a08ebcb9854f,f88afad5-3d69-4d7f-8a1b-095720bc60a3,759.65,units,EXPIRED,7.0
c21947dd-2c03-4694-acb0-d74dab61843e,2026-08-16,de2aa412-e109-4bcf-b6e9-9d9ad0b05e22,4f98fe0c-8596-458e-a60a-7d2a0424626c,c57f2604-416c-44c9-93cf-a08ebcb9854f,f88afad5-3d69-4d7f-8a1b-095720bc60a3,657.66,units,EXPIRED,7.0
4bd90ec9-21eb-4e3b-b313-039f2ba2b10f,2026-08-17,de2aa412-e109-4bcf-b6e9-9d9ad0b05e22,4f98fe0c-8596-458e-a60a-7d2a0424626c,c57f2604-416c-44c9-93cf-a08ebcb9854f,f88afad5-3d69-4d7f-8a1b-095720bc60a3,224.62,units,EXPIRED,7.0
d2aff28a-4ab4-414a-a6a6-bee795949d54,2026-08-18,de2aa412-e109-4bcf-b6e9-9d9ad0b05e22,4f98fe0c-8596-458e-a60a-7d2a0424626c,c57f2604-416c-44c9-93cf-a08ebcb9854f,f88afad5-3d69-4d7f-8a1b-095720bc60a3,687.25,units,EXPIRED,7.0
b3a45858-8039-47f7-a710-391c95920003,2026-08-19,de2aa412-e109-4bcf-b6e9-9d9ad0b05e22,4f98fe0c-8596-458e-a60a-7d2a0424626c,c57f2604-416c-44c9-93cf-a08ebcb9854f,f88afad5-3d69-4d7f-8a1b-095720bc60a3,451.95,units,EXPIRED,7.0
159f9ef3-7257-4309-aafb-5480be7a71f3,2026-08-20,de2aa412-e109-4bcf-b6e9-9d9ad0b05e22,4f98fe0c-8596-458e-a60a-7d2a0424626c,c57f2604-416c-44c9-93cf-a08ebcb9854f,f88afad5-3d69-4d7f-8a1b-095720bc60a3,840.45,units,EXPIRED,7.0
108db845-89a0-4c09-8580-3a33301f94df,2026-08-21,de2aa412-e109-4bcf-b6e9-9d9ad0b05e22,4f98fe0c-8596-458e-a60a-7d2a0424626c,c57f2604-416c-44c9-93cf-a08ebcb9854f,f88afad5-3d69-4d7f-8a1b-095720bc60a3,196.31,units,EXPIRED,7.0
b92ae08a-3776-434a-a5fe-8aecf784ae79,2026-08-22,de2aa412-e109-4bcf-b6e9-9d9ad0b05e22,4f98fe0c-8596-458e-a60a-7d2a0424626c,c57f2604-416c-44c9-93cf-a08ebcb9854f,f88afad5-3d69-4d7f-8a1b-095720bc60a3,1101.52,units,EXPIRED,7.0
b501eea0-f3eb-449c-9281-d7c8a93252cc,2026-08-23,de2aa412-e109-4bcf-b6e9-9d9ad0b05e22,4f98fe0c-8596-458e-a60a-7d2a0424626c,c57f2604-416c-44c9-93cf-a08ebcb9854f,f88afad5-3d69-4d7f-8a1b-095720bc60a3,925.7,units,EXPIRED,7.0
94e74b50-22be-422a-81ae-e218e8c61e50,2026-08-24,de2aa412-e109-4bcf-b6e9-9d9ad0b05e22,4f98fe0c-8596-458e-a60a-7d2a0424626c,c57f2604-416c-44c9-93cf-a08ebcb9854f,f88afad5-3d69-4d7f-8a1b-095720bc60a3,679.38,units,EXPIRED,7.0
1a1bfdf8-3c0d-4f3f-84e9-9f9cef63d8d2,2026-08-25,de2aa412-e109-4bcf-b6e9-9d9ad0b05e22,4f98fe0c-8596-458e-a60a-7d2a0424626c,c57f2604-416c-44c9-93cf-a08ebcb9854f,f88afad5-3d69-4d7f-8a1b-095720bc60a3,418.23,units,EXPIRED,7.0
f032ec68-ff08-428f-a85c-bcb3f8d1c277,2026-08-26,de2aa412-e109-4bcf-b6e9-9d9ad0b05e22,4f98fe0c-8596-458e-a60a-7d2a0424626c,c57f2604-416c-44c9-93cf-a08ebcb9854f,f88afad5-3d69-4d7f-8a1b-095720bc60a3,791.97,units,EXPIRED,7.0
5a4364f2-06c1-46e5-96b2-aa7179f9082a,2026-08-27,de2aa412-e109-4bcf-b6e9-9d9ad0b05e22,4f98fe0c-8596-458e-a60a-7d2a0424626c,c57f2604-416c-44c9-93cf-a08ebcb9854f,f88afad5-3d69-4d7f-8a1b-095720bc60a3,400.15,units,EXPIRED,7.0
3316d4d0-a90c-4b80-8098-87f8bb96ad16,2026-08-28,de2aa412-e109-4bcf-b6e9-9d9ad0b05e22,4f98fe0c-8596-458e-a60a-7d2a0424626c,c57f2604-416c-44c9-93cf-a08ebcb9854f,f88afad5-3d69-4d7f-8a1b-095720bc60a3,1332.24,units,EXPIRED,7.0
677c888f-13e2-44b1-82dd-8e7f02195328,2026-08-29,de2aa412-e109-4bcf-b6e9-9d9ad0b05e22,4f98fe0c-8596-458e-a60a-7d2a0424626c,c57f2604-416c-44c9-93cf-a08ebcb9854f,f88afad5-3d69-4d7f-8a1b-095720bc60a3,758.16,units,EXPIRED,7.0
b4ab8921-ab3f-4536-a207-3934a4dfb1d2,2026-08-30,de2aa412-e109-4bcf-b6e9-9d9ad0b05e22,4f98fe0c-8596-458e-a60a-7d2a0424626c,c57f2604-416c-44c9-93cf-a08ebcb9854f,f88afad5-3d69-4d7f-8a1b-095720bc60a3,1032.49,units,EXPIRED,7.0
ed83cbb9-b4fe-4caf-a6c6-5b40363bd6cf,2026-08-31,de2aa412-e109-4bcf-b6e9-9d9ad0b05e22,4f98fe0c-8596-458e-a60a-7d2a0424626c,c57f2604-416c-44c9-93cf-a08ebcb9854f,f88afad5-3d69-4d7f-8a1b-095720bc60a3,457.07,units,EXPIRED,7.0
d1cae4f5-b7ed-418e-a161-18a2d32701d0,2026-09-01,de2aa412-e109-4bcf-b6e9-9d9ad0b05e22,4f98fe0c-8596-458e-a60a-7d2a0424626c,c57f2604-416c-44c9-93cf-a08ebcb9854f,f88afad5-3d69-4d7f-8a1b-095720bc60a3,340.51,units,EXPIRED,7.0
9b1e6673-1ded-433c-82d2-51db38fd2e75,2026-09-02,de2aa412-e109-4bcf-b6e9-9d9ad0b05e22,4f98fe0c-8596-458e-a60a-7d2a0424626c,c57f2604-416c-44c9-93cf-a08ebcb9854f,f88afad5-3d69-4d7f-8a1b-095720bc60a3,447.8,units,EXPIRED,7.0
7c13c675-193c-4a0a-90da-91e1f7d3926e,2026-09-03,de2aa412-e109-4bcf-b6e9-9d9ad0b05e22,4f98fe0c-8596-458e-a60a-7d2a0424626c,c57f2604-416c-44c9-93cf-a08ebcb9854f,f88afad5-3d69-4d7f-8a1b-095720bc60a3,683.67,units,EXPIRED,7.0
64c95b60-78f6-4930-8a45-62cb74439adb,2026-09-04,de2aa412-e109-4bcf-b6e9-9d9ad0b05e22,4f98fe0c-8596-458e-a60a-7d2a0424626c,c57f2604-416c-44c9-93cf-a08ebcb9854f,f88afad5-3d69-4d7f-8a1b-095720bc60a3,693.41,units,EXPIRED,7.0
f0de78b8-374a-468e-9b0e-00362c80dd4a,2026-09-05,de2aa412-e109-4bcf-b6e9-9d9ad0b05e22,4f98fe0c-8596-458e-a60a-7d2a0424626c,c57f2604-416c-44c9-93cf-a08ebcb9854f,f88afad5-3d69-4d7f-8a1b-095720bc60a3,385.61,units,EXPIRED,7.0
6812c083-12c2-42f3-8101-9aea28038e4e,2026-09-06,de2aa412-e109-4bcf-b6e9-9d9ad0b05e22,4f98fe0c-8596-458e-a60a-7d2a0424626c,c57f2604-416c-44c9-93cf-a08ebcb9854f,f88afad5-3d69-4d7f-8a1b-095720bc60a3,1335.76,units,EXPIRED,7.0
24247b21-9892-42c7-90b2-3c3fba5a7376,2026-09-07,de2aa412-e109-4bcf-b6e9-9d9ad0b05e22,4f98fe0c-8596-458e-a60a-7d2a0424626c,c57f2604-416c-44c9-93cf-a08ebcb9854f,f88afad5-3d69-4d7f-8a1b-095720bc60a3,1222.52,units,EXPIRED,7.0
